NOQUEST_ADA_RILEY,I think Riley was looking for you earlier.,,,,
NOQUEST_ADA_SANIEL,Dr. Rowe wants to talk to you.,,,,
NOQUEST_ADA_FABER,Check out what Faber is doing.,,,,
NOQUEST_ADA_NOTHING,Discovering anything interesting?,,,,
NOQUEST_RILEY_ADA,"Hey, I think Ada wants to tell you something.",,,,
NOQUEST_RILEY_SANIEL,Psssst! Saniel is looking for you.,,,,
NOQUEST_RILEY_FABER,I think I saw Faber doing something really cool.,,,,
NOQUEST_RILEY_NOTHING,What are you up to?,,,,
NOQUEST_SANIEL_ADA,Perhaps you should inquire with Ada.,,,,
NOQUEST_SANIEL_RILEY,That friend of yours is probably up to no good.,,,,
NOQUEST_SANIEL_FABER,Faber might have an interesting puzzle for you.,,,,
NOQUEST_SANIEL_NOTHING,I'm keeping my eye out for any shenanigans!,,,,
NOQUEST_FABER_ADA,Oh hey. Looks like Ada has something to tell you. ,,,,
NOQUEST_FABER_RILEY,Riley was just looking for you. ,,,,
NOQUEST_FABER_SANIEL,I think Saniel wanted you to check in with him. ,,,,
NOQUEST_FABER_NOTHING,Hey what's up? Just jamming out over here. ,,,,
NOQUEST_TRAP_NOTHING,Hello? Hello? Anyone? Hello?,,,,
NOQUEST_ADA_CHAPTER1END,"Oh, hey there! We're all dealing with this data disaster. I'll check back with you as soon as I can!",,,,
NOQUEST_RILEY_CHAPTER1END,Everyone's wrapped up in recovering Ada's missing packets. Looks like a good time for us to go experiment with some code in Fizzics!,,,,
NOQUEST_SANIEL_CHAPTER1END,Best thing you could do now is to sharpen your coding skills. We might be needing your help! Try out that last Fizzics key. ,,,,
NOQUEST_EPISODE2_ADA_NOTHING,Discovering anything interesting?,,,,
NOQUEST_EPISODE2_RILEY_NOTHING,What are you up to?,,,,
NOQUEST_EPISODE2_SANIEL_NOTHING,I'm keeping my eye out for any shenanigans!,,,,
NOQUEST_EPISODE2_FABER_NOTHING,Hey what's up? Just jamming out over here. ,,,,
NOQUEST_EPISODE2_TRAP_NOTHING,Hello? Hello? Anyone? Hello?,,,,
NOQUEST_POSITIVE,üëç,,,,
NOQUEST_NEGATIVE,üëé,,,,
NOQUEST_NAV_FWD,‚ùØ,,,,
NOQUEST_NAV_BAK,‚ùÆ,,,,
NOQUEST_NOTINSTALLED,"Uh-oh! It looks like this App isn't installed!

You need to download it from the App Center if you want to play.

Click the icon named <tt><span insert_hyphens=""false"" foreground=""#287A8C"" background=""#FFFFFF"">More Apps</span></tt> on the Desktop, then search for the program you want to install.",daemon,,,
NOQUEST_SUBTITLE,What could this be?,,,,
NOQUEST_DESCRIPTION,It's a secret to everyone.,,,,
NOQUEST_GIVE_BADGE,You've unlocked a new badge: <b>{{achievement.name}}</b>,,,,
NOQUEST_PROJLIB_NOTINSTALLED,"Uh-oh! It looks like the Project Library App isn't installed!
You need to download it from the App Center if you want to check out this quest.

Click the icon named <tt><span insert_hyphens=""false"" foreground=""#287A8C"" background=""#FFFFFF"">More Apps</span></tt> on the Desktop, then search for ""Project Library"".",daemon,,,
NOQUEST_DEFAULT_ABORT,Quitting this activity - See you again soon!,daemon,,,
